{"cameraMode":{"drawMode":0,"name":"Shaded","section":"Shading Mode"},"sceneLighting":false,"audioPlay":false,"sceneViewState":{"showFog":true,"showMaterialUpdate":true,"showSkybox":false,"showFlares":true,"showImageEffects":true,"showParticleSystems":true},"in2DMode":false,"pivot":{"x":644.672607421875,"y":420.1273498535156,"z":0.5633544921875},"rotation":{"x":0.0011903663398697973,"y":-0.002402722602710128,"z":-0.0000030111812066024869,"w":-0.9999987483024597},"size":299.28033447265627,"orthographic":false}