{"cameraMode":{"drawMode":0,"name":"Shaded","section":"Shading Mode"},"sceneLighting":false,"audioPlay":false,"sceneViewState":{"showFog":true,"showMaterialUpdate":true,"showSkybox":false,"showFlares":true,"showImageEffects":true,"showParticleSystems":true},"in2DMode":false,"pivot":{"x":754.9005126953125,"y":313.29522705078127,"z":-12.166988372802735},"rotation":{"x":-0.010809377767145634,"y":0.003597050439566374,"z":-0.000039022659620968625,"w":-0.9999368190765381},"size":560.739501953125,"orthographic":false}