{"cameraMode":{"drawMode":0,"name":"Shaded","section":"Shading Mode"},"sceneLighting":true,"audioPlay":false,"sceneViewState":{"showFog":true,"showMaterialUpdate":true,"showSkybox":true,"showFlares":true,"showImageEffects":true,"showParticleSystems":true},"in2DMode":false,"pivot":{"x":12.00082778930664,"y":-5.4211106300354,"z":177.1124267578125},"rotation":{"x":-0.006309533026069403,"y":-0.006903104949742556,"z":0.00004353560143499635,"w":-0.9999574422836304},"size":46.32369613647461,"orthographic":false}