{"cameraMode":{"drawMode":0,"name":"Shaded","section":"Shading Mode"},"sceneLighting":false,"audioPlay":false,"sceneViewState":{"showFog":true,"showMaterialUpdate":true,"showSkybox":false,"showFlares":true,"showImageEffects":true,"showParticleSystems":true},"in2DMode":false,"pivot":{"x":1057.52099609375,"y":553.539306640625,"z":287.9036560058594},"rotation":{"x":-0.0078095728531479839,"y":0.0005972455255687237,"z":-0.000004802843704965198,"w":-0.9999710321426392},"size":1494.1075439453125,"orthographic":false}