{"cameraMode":{"drawMode":0,"name":"Shaded","section":"Shading Mode"},"sceneLighting":false,"audioPlay":false,"sceneViewState":{"showFog":true,"showMaterialUpdate":true,"showSkybox":false,"showFlares":true,"showImageEffects":true,"showParticleSystems":true},"in2DMode":false,"pivot":{"x":650.478515625,"y":394.7294006347656,"z":-10.0482177734375},"rotation":{"x":-0.02130775898694992,"y":-0.005401489324867725,"z":0.00011497147352201864,"w":-0.9997606873512268},"size":562.7898559570313,"orthographic":false}