{"cameraMode":{"drawMode":0,"name":"Shaded","section":"Shading Mode"},"sceneLighting":false,"audioPlay":false,"sceneViewState":{"showFog":true,"showMaterialUpdate":true,"showSkybox":false,"showFlares":true,"showImageEffects":true,"showParticleSystems":true},"in2DMode":false,"pivot":{"x":665.4596557617188,"y":319.387451171875,"z":-1.2777376174926758},"rotation":{"x":-0.004809558857232332,"y":0.0020971905905753376,"z":-0.000010100816325575579,"w":-0.9999858736991882},"size":510.70806884765627,"orthographic":false}