{"cameraMode":{"drawMode":0,"name":"Shaded","section":"Shading Mode"},"sceneLighting":false,"audioPlay":false,"sceneViewState":{"showFog":true,"showMaterialUpdate":true,"showSkybox":false,"showFlares":true,"showImageEffects":true,"showParticleSystems":true},"in2DMode":false,"pivot":{"x":641.6000366210938,"y":344.57452392578127,"z":0.0},"rotation":{"x":-0.001809641718864441,"y":0.0005972642684355378,"z":-0.000001219653086081962,"w":-0.9999998807907105},"size":770.8297729492188,"orthographic":false}