{"cameraMode":{"drawMode":0,"name":"Shaded","section":"Shading Mode"},"sceneLighting":false,"audioPlay":false,"sceneViewState":{"showFog":true,"showMaterialUpdate":true,"showSkybox":false,"showFlares":true,"showImageEffects":true,"showParticleSystems":true},"in2DMode":false,"pivot":{"x":996.2254028320313,"y":785.9847412109375,"z":-143.4656982421875},"rotation":{"x":-0.0005230681854300201,"y":0.9986320734024048,"z":-0.051284462213516238,"w":-0.010185441002249718},"size":877.6288452148438,"orthographic":false}