{"cameraMode":{"drawMode":0,"name":"Shaded","section":"Shading Mode"},"sceneLighting":false,"audioPlay":false,"sceneViewState":{"showFog":true,"showMaterialUpdate":true,"showSkybox":false,"showFlares":true,"showImageEffects":true,"showParticleSystems":true},"in2DMode":false,"pivot":{"x":1065.6856689453125,"y":553.1217041015625,"z":-67.81420135498047},"rotation":{"x":-0.00005970496931695379,"y":0.9987587928771973,"z":-0.04978899657726288,"w":-0.0011975110974162818},"size":705.3580322265625,"orthographic":false}