{"cameraMode":{"drawMode":0,"name":"Shaded","section":"Shading Mode"},"sceneLighting":false,"audioPlay":false,"sceneViewState":{"showFog":true,"showMaterialUpdate":true,"showSkybox":false,"showFlares":true,"showImageEffects":true,"showParticleSystems":true},"in2DMode":false,"pivot":{"x":633.504638671875,"y":357.7258605957031,"z":-3.46966552734375},"rotation":{"x":-0.006309607531875372,"y":0.000597252743318677,"z":-0.000003907427981175715,"w":-0.9999815225601196},"size":360.2584533691406,"orthographic":false}