{"cameraMode":{"drawMode":0,"name":"Shaded","section":"Shading Mode"},"sceneLighting":false,"audioPlay":false,"sceneViewState":{"showFog":true,"showMaterialUpdate":true,"showSkybox":false,"showFlares":true,"showImageEffects":true,"showParticleSystems":true},"in2DMode":false,"pivot":{"x":1184.3720703125,"y":564.446533203125,"z":2.7254676818847658},"rotation":{"x":0.001190360402688384,"y":0.002097264863550663,"z":0.000002358244501010631,"w":-0.9999989867210388},"size":648.4053344726563,"orthographic":false}