{"cameraMode":{"drawMode":0,"name":"Shaded","section":"Shading Mode"},"sceneLighting":false,"audioPlay":false,"sceneViewState":{"showFog":true,"showMaterialUpdate":true,"showSkybox":false,"showFlares":true,"showImageEffects":true,"showParticleSystems":true},"in2DMode":false,"pivot":{"x":868.5194091796875,"y":456.58233642578127,"z":25.492740631103517},"rotation":{"x":0.0011900542303919793,"y":-0.02040187083184719,"z":-0.000024307984858751297,"w":-0.9997924566268921},"size":649.670166015625,"orthographic":false}