{"cameraMode":{"drawMode":0,"name":"Shaded","section":"Shading Mode"},"sceneLighting":false,"audioPlay":false,"sceneViewState":{"showFog":true,"showMaterialUpdate":true,"showSkybox":false,"showFlares":true,"showImageEffects":true,"showParticleSystems":true},"in2DMode":false,"pivot":{"x":260.830078125,"y":616.6661987304688,"z":-4.737452507019043},"rotation":{"x":-0.007809647358953953,"y":0.0005966841126792133,"z":-0.000004688842182076769,"w":-0.9999706745147705},"size":160.4217987060547,"orthographic":false}