{"cameraMode":{"drawMode":0,"name":"Shaded","section":"Shading Mode"},"sceneLighting":false,"audioPlay":false,"sceneViewState":{"showFog":true,"showMaterialUpdate":true,"showSkybox":false,"showFlares":true,"showImageEffects":true,"showParticleSystems":true},"in2DMode":false,"pivot":{"x":606.0191650390625,"y":388.4300842285156,"z":-1.8742563724517823},"rotation":{"x":-0.0003095803549513221,"y":-0.008402683772146702,"z":0.0000025872543574223529,"w":-0.999964714050293},"size":274.4842834472656,"orthographic":false}